obs,x1,x2,x3,x4,x5,x6,x7,x8,x9,x10,x11,x12,x13,x14,delta
5.979566401,1.381912251,0.919758559,0.89189863,1.12428127,1.010682718,0.831025668,1.212042045,1.790194007,1.080587685,0.93931762,1.469216358,1.513697784,0.996922541,0.829773032,FALSE
2.962006659,0.049893608,0.170921573,0.292879545,-0.227116043,0.540409493,0.788698762,0.314646598,0.501359201,-0.220331789,-0.418477095,-0.450422996,0.042226488,-0.261332458,-0.428299733,FALSE
0.106815664,-1.365850936,-1.368386743,-1.40988228,-1.076933625,-0.800053741,-0.824229163,-0.114884175,-0.790374586,-0.591196751,-0.781573703,-0.3655186,-1.275211225,-1.265239338,-1.254537582,TRUE
0.030294799,-0.319568224,-1.050663717,-0.816093438,-0.514566653,-0.101071003,0.100580591,-0.278847411,0.055572102,0.604246582,1.019977054,0.857501656,0.875932005,1.616992896,2.506542133,TRUE
0.068672575,0.644965518,0.293892842,0.097752678,0.383471531,0.49454462,-0.015715502,-0.176448444,0.093255109,-0.073744179,1.058633582,1.462192423,1.777106368,2.634127379,2.486741903,TRUE
2.401520045,1.400954757,1.032670127,0.337836581,0.881790343,1.206483339,1.244876247,0.740545074,0.536513376,1.43014922,1.222015628,0.934404279,1.057965928,1.117912589,1.248021933,FALSE
0.507719019,1.017334847,1.06344045,0.909947566,2.18934717,2.39742166,2.97257026,2.489289415,1.756537086,2.349312963,1.966883076,1.924903661,1.99884849,2.230387209,2.130519126,FALSE
0.006814064,-1.361544473,-0.846026832,-0.689176918,-0.548005071,-0.773022992,-0.863834326,-0.502295271,-0.516683514,-0.356749326,-0.180988223,0.684776422,0.975038565,0.605576793,0.528097648,FALSE
0.887032104,0.257419917,0.518593614,1.118395776,1.254296926,0.338742366,0.208888745,-0.142298793,0.186008486,-0.030934825,0.184502516,-0.065307685,0.293948705,0.100848901,0.114198422,TRUE
1.299166725,0.223445518,1.045959631,0.746782556,1.167806141,1.233395763,1.069025497,1.650901039,0.809520443,0.947713241,1.173353488,1.671681267,1.975185455,2.147249795,2.387562076,TRUE
1.220371206,-0.549910408,-1.235107712,-1.117861839,-1.089133858,-1.11545073,-0.549144146,-0.645945451,-0.584158254,-0.723855281,-0.844417719,-0.139851099,-0.058429595,-0.366959994,-0.896599254,TRUE
0.332745367,-0.336434202,-0.643590491,-0.504679088,-0.789274585,-0.822469158,-1.004456951,-1.225021037,-1.333796027,-1.170918383,-1.149539762,-1.445870354,-1.278375412,-1.130858959,-1.063612769,TRUE
1.890817738,1.459334331,1.693790083,1.433760249,1.187763536,0.574016399,0.367987,-0.401057974,-0.444761123,-0.537012609,-0.251387494,0.06784626,0.267088961,0.101771535,0.785507709,TRUE
0.411110812,0.84014661,0.964153158,1.239093749,1.756182858,1.323338094,1.824850967,1.96675856,1.235878523,1.928603827,1.383508074,0.741578948,0.859656949,1.518967022,1.346570633,TRUE
0.206777603,-2.328076288,-2.410320214,-2.307852135,-2.100034783,-1.632924731,-1.049731138,-1.255857665,-1.194827411,-1.445792109,-1.880633988,-1.001277671,-1.62442599,-1.444887853,-1.246553963,TRUE
0.360772398,-0.342370155,-0.588176834,-0.214014369,0.349437657,0.536430311,-0.235015502,-0.034638864,-0.005478901,-0.047945916,-0.000572382,-0.056831739,-0.02876848,0.347342048,0.275514123,TRUE
0.155278653,-0.63154843,-0.215021777,-0.030723329,0.199720807,-0.042049937,-0.634964778,-0.773880851,-0.217537738,-0.297830776,-0.626022912,-0.788030735,0.065998256,0.579884298,0.534668599,TRUE
0.121252183,-1.718322117,-1.620755737,-1.059845513,-1.013496076,-1.065251793,-1.292816567,-1.294819894,-1.521945349,-1.753888766,-1.180366222,-0.891166879,-0.705127072,-0.354408045,-0.576917077,TRUE
0.039710201,0.903126449,1.726214298,0.940018607,0.779661778,0.584992828,0.474812405,0.460248563,0.713800894,1.032466603,0.724726903,0.290027773,-0.696121339,-0.124642674,-0.269174836,FALSE
2.229655187,-0.141818781,0.517699764,0.490720951,0.269037204,0.073480733,0.816666461,0.279543657,0.135101448,0.108210871,-0.203426163,0.351761132,0.341729513,0.646262032,0.935007296,TRUE
0.189500258,0.502389112,1.187036118,0.676497184,0.389568057,0.526007684,0.16030268,-0.208169471,-0.019441872,-0.602697317,-0.394139827,0.30109223,0.856747057,1.622049023,1.642471752,TRUE
0.621600954,-0.147316353,0.360020224,0.551674151,0.174820534,-0.631442942,-0.28736055,0.173734787,0.098158145,0.428776089,0.759811725,1.188562413,1.119286128,0.269096138,0.711592481,FALSE
1.112866157,0.19883823,0.58495367,0.143384171,0.293022981,0.74535702,-0.128044924,-0.270566212,-0.407031345,-0.081547575,-0.234981182,0.071153016,-0.496492502,-0.310192565,-0.976858013,TRUE
0.33151533,-1.262290282,-1.03462542,-0.941265415,-0.473291394,-0.325620234,-0.249990058,-0.616120603,-0.207075738,-0.71819019,-0.968053307,0.023950368,0.197261013,0.111627358,0.134020722,FALSE
0.061039987,0.264361647,0.08092035,-0.041657824,0.419809173,0.011309658,-0.240826118,-0.259741893,0.206659618,0.006147758,-0.017714044,0.221969,0.408729301,-0.239002956,0.132778913,FALSE
0.601797545,-0.839467136,-1.033141597,-1.374856167,-1.202283187,-1.407678879,-0.955460929,-1.118843678,-0.795571689,-0.570371466,-0.539731039,-0.214559701,0.086458447,-0.73617672,-0.679600731,TRUE
0.91240617,-1.27584425,-1.631638559,-1.121157656,-1.050267556,-0.718433153,-0.308371286,-0.264920266,-0.982764514,-0.416670004,-0.256659683,0.116254118,0.157798471,-0.266093535,-0.383163301,TRUE
1.448100728,-1.059605461,-1.408691513,-0.579538989,-0.931987942,-0.58204347,-0.40215374,0.009088336,0.345276931,0.054686724,0.333863851,0.723656065,0.2170429,-0.087880775,0.493966729,TRUE
0.423048918,0.915388837,1.389015601,1.423507086,1.761110342,1.887381187,2.17218598,1.821014529,1.033054176,1.4164879,1.052244854,0.148593307,0.18507868,0.342740031,0.433408532,TRUE
0.240738748,1.644960462,1.492487226,1.543711259,1.4430571,1.667596885,2.052440065,1.217248758,1.08860727,0.933907653,0.542223386,0.475786825,0.717119637,0.758697859,0.354882967,FALSE
0.207529481,-2.744772478,-2.604056847,-2.216822618,-2.026907893,-2.039394715,-2.181047741,-2.123947664,-1.530393362,-0.653327724,-0.574873508,-0.991363194,-0.584523461,-0.120726491,0.459494412,TRUE
0.159900475,0.382936735,0.23814206,0.285692974,-0.660964444,-1.064130665,-1.054587202,-1.386742904,-0.850299298,-0.33693752,-0.45592365,-0.571964252,-0.783213683,-0.816044487,-0.706198822,TRUE
0.81287598,1.546313789,1.115008052,0.706010018,0.245589969,-0.103455755,0.125071423,0.39736749,0.409511438,1.068662246,1.189894063,1.398464229,0.489366957,0.608418453,1.311127874,TRUE
0.566037429,-0.007756011,-0.224874028,-0.352576018,-0.31734583,-0.739901888,-0.462767903,-0.748054111,-0.52808168,-0.024377807,-0.412166558,0.262550418,0.178931528,0.472600328,0.369258433,TRUE
0.271094468,0.85623593,1.248258421,1.357308976,0.770858505,0.708473631,0.277989387,0.097233771,0.37993701,0.312034738,0.994266758,0.101834592,0.246587229,0.779217955,1.212180228,TRUE
0.626752989,0.889056235,0.907559469,1.042506858,1.151097938,1.166037392,0.762247872,0.658345723,0.330103483,0.09382049,-0.254776575,0.424422886,0.362375091,0.619160772,-0.274051327,TRUE
0.627225779,1.056797577,0.958241924,0.898807552,1.550994855,1.273291743,1.589926861,1.94779137,1.853502082,1.356165743,1.575907132,1.172231524,1.013680102,0.8592905,1.092649077,FALSE
0.414716074,0.468859444,0.02169382,-0.353000795,-0.382366425,-0.081084075,-0.565404149,-0.394996359,-0.755374741,-1.573523395,-1.28894744,-1.724884886,-1.728788252,-1.832998439,-1.261368893,FALSE
0.233928681,1.655504525,1.06925762,0.18075637,0.503774072,0.782349624,0.709102035,0.883663657,0.474672719,0.836861473,0.808966914,0.749394215,1.203213158,0.465779186,0.650990873,TRUE
0.330691828,-0.083552184,0.172325523,-0.37870618,-0.156236541,0.409374603,0.766579089,0.611048937,0.304790642,0.592280618,0.906829939,0.060004211,0.676540754,0.963983643,-0.219956934,TRUE
0.04855936,0.783371368,-0.184792532,-0.947770591,-0.782973343,-0.530223032,-0.951933078,-1.006979183,-1.02167255,-1.015752974,-0.648642457,-1.489947562,-0.752083224,-0.09586477,-0.035847414,TRUE
3.465039445,0.825474337,1.17050217,1.10520256,1.151727974,0.158503032,0.389208995,0.467109582,0.522441851,0.175672158,0.316111333,0.459467774,0.416784044,0.759068575,1.078563285,FALSE
0.075785119,0.370074232,0.060930988,-0.467141528,-0.006439869,-0.179398314,0.079980147,-0.004745687,-0.613279019,-0.356236103,0.109732421,0.224870963,0.078059384,-0.088076571,-0.3030511,FALSE
0.170925703,-0.682231429,-0.496824935,0.396718917,1.101159694,1.402936749,1.946822008,1.669687128,0.972617761,0.492617684,0.751031853,1.143658766,1.892617767,1.559160759,1.238076498,FALSE
0.03610239,0.150093667,0.009283627,-0.309676317,0.245015712,0.72942318,0.793724069,0.909825654,1.008427493,0.892378636,0.534715096,1.191409167,1.520366224,1.387168353,1.727346068,FALSE
0.030260119,0.394301347,0.2737975,1.156793622,0.859784208,0.831228739,0.389036443,-0.191470442,0.223219447,0.790305342,0.584793177,1.264936321,1.316663933,0.567235102,0.276529872,FALSE
0.814274164,1.896394466,1.224701643,0.873463014,1.098406638,1.346996566,0.518467021,1.017073708,1.030314286,1.047717926,0.801373909,1.312966002,1.278670327,0.651823804,0.679590711,FALSE
0.166171575,-0.640003868,-0.991139536,-0.092866034,-0.017321215,-0.344910679,0.068691431,-0.826861898,-0.117434646,0.379735364,0.005707539,0.339456128,0.496046393,0.044364911,0.358122414,FALSE
0.395540487,0.588945542,-0.358988015,0.317172371,0.632913362,0.516688031,0.516406405,-0.144814534,-0.039697483,0.200864355,-0.268932402,-0.039134823,-0.172433608,-0.38072896,-1.148124137,TRUE
1.579151406,1.369060751,0.601074402,0.340244459,0.995968758,0.877958954,0.809521196,1.055594571,0.840247246,0.623439066,0.499169861,1.453134235,1.342569105,0.683235094,0.857719567,FALSE
0.312170012,-1.089916675,-1.338804319,-0.933608534,-1.282642027,-1.412934996,-1.511259366,-1.382857214,-0.499661309,-0.447136265,-0.332590364,-0.711147735,-0.814396116,-0.802396391,-0.972392278,TRUE
0.541350722,0.054960684,0.628979504,0.691948086,0.988376132,0.571792255,-0.087867529,-0.334351874,-0.588652562,-0.49218269,-0.221953086,0.364265063,0.221542196,0.084413659,0.533021187,FALSE
0.274866402,1.370824771,0.897969258,1.361275492,0.814593589,0.677902867,0.284003387,0.709083291,0.577754896,0.03449329,-0.113390032,-0.349785567,-0.530561532,-0.677619605,-0.366280876,TRUE
0.298785589,0.300843828,0.727505589,-0.119899648,-0.242785319,0.254899236,0.315356824,-0.163921255,-0.875957696,-0.914216439,-1.206220837,-0.872884633,-0.466852074,-1.061125024,-0.52760199,FALSE
0.41907803,-0.520462565,-0.221542471,-0.374974975,0.279057351,0.822994034,1.053796606,0.275255275,0.51623026,0.772221474,0.367052648,0.406901187,0.256106294,-0.098917856,-0.052081709,FALSE
0.499463919,1.289329096,0.431729047,0.376227896,0.400878406,0.204907256,0.836024141,0.021563325,0.233389854,-0.665236936,-1.428785169,-1.466968426,-1.31795732,-2.100447165,-1.687472134,TRUE
0.032183764,0.807369497,1.040873428,1.760268781,1.632636895,1.225036451,0.791458758,0.872852061,0.76244876,0.999608741,0.842904791,0.864209769,0.461835904,0.659830696,0.112663872,FALSE
0.084236984,0.054019529,-0.267076068,0.163713042,0.310305683,0.641194594,0.40530312,0.561330747,-0.213472924,-0.33403036,-0.784175386,-0.912736248,-1.378577936,-1.250399269,-1.377711735,FALSE
0.066219886,0.453589692,0.583385204,0.053939782,0.447498976,0.219095076,0.556928195,0.949290939,1.247333664,1.167012954,0.823639433,0.687756299,0.162138095,0.715279252,1.145675753,TRUE
0.039410345,-0.563534451,-0.917751187,-0.906254607,-0.883907389,-0.310530282,0.287441851,0.004203462,0.972791626,-0.273928284,-0.739382972,-1.364189517,-0.903142387,-0.952325627,0.206261051,TRUE
0.020138834,0.060121189,-0.497955241,-0.727214722,-0.294022291,0.208730041,0.148084061,0.332031496,1.023703939,1.064331961,0.570825159,0.390433379,0.90392959,0.405041051,0.698863425,FALSE
3.463159408,2.564807955,2.62334338,2.783762777,3.245947324,2.176172251,1.865739589,2.217668928,1.878346233,0.905554688,0.71498157,0.974631759,1.267372653,1.399930133,0.855262379,FALSE
0.038953722,0.732996658,0.753198625,1.027064074,1.62477566,0.617906961,0.128405302,1.013039931,1.210719978,1.522747144,1.67732306,0.976983099,0.524580426,0.078420749,-0.348664698,FALSE
1.037317647,1.453882193,0.928092162,0.86576099,0.803622154,0.731755386,0.522157899,0.309799316,0.632968339,0.143898008,0.178937574,0.384854622,0.335154577,-0.116296385,-0.351903546,FALSE
0.144541637,-0.546923733,-0.70969705,-0.299089044,-0.83259107,-0.235405508,-0.013387887,-0.146430034,0.14031364,0.102506254,0.20768686,-0.260789727,-1.029291678,-1.578891972,-2.057167264,TRUE
1.390727247,-1.26921613,-2.013140406,-1.127826012,-1.041779003,-0.713051261,-0.297351574,0.317493323,0.815329709,0.246966174,1.179644522,1.139057796,0.810863333,0.529405086,0.483310333,TRUE
2.172977432,0.721321448,0.73753756,0.683444359,0.653319744,0.441219383,0.227147219,0.339753698,-0.391464346,-0.558737327,-0.076066127,-0.47420922,-1.185509799,-2.08726182,-1.345372476,TRUE
0.066580633,0.222206302,0.477367363,0.453970757,0.247412794,0.484011294,0.558641933,0.464500337,0.163314825,-0.221798758,-0.979770807,-1.420943209,-0.574472085,-0.745986105,-1.217081422,TRUE
0.424486709,0.16712371,0.309108748,0.15385717,0.15620055,0.052350626,-0.057903603,0.101853862,1.035149401,1.75379615,1.604545378,1.405926623,1.284384728,1.93718817,1.812363106,FALSE
0.193254043,1.841201353,1.31612703,0.865336961,1.138562409,0.659265134,0.2446842,0.275470294,0.362223519,1.129459021,0.91460227,0.714064023,0.677041555,1.097883035,0.825540927,TRUE
0.210772674,-0.111557767,-1.135606726,-1.168385547,-0.22366183,0.219571552,0.804105099,0.433479342,0.097510613,0.118460107,0.052961375,-0.584929489,-0.668329688,-1.420676362,-1.719282692,TRUE
0.578402639,0.388753004,-0.233293029,-0.003177739,-0.013896657,0.105001816,0.261982207,-0.455545303,-0.188520043,0.539078992,-0.120869508,-0.093457056,0.403199893,-0.043631577,0.286464106,FALSE
0.009958485,-0.952101291,-1.268837404,-0.666018288,-1.356713397,-1.808766721,-1.761584395,-2.439523718,-2.481414551,-2.603558649,-2.824347974,-1.958386273,-2.159577134,-1.515726776,-1.182006737,TRUE
0.791170273,0.9155136,1.356079669,1.261549833,1.582368695,1.781900333,1.674247785,1.550592323,1.332300143,0.740551377,1.262892748,0.810107229,0.497208082,0.613492392,0.780585127,FALSE
1.359655691,1.659858005,1.248212884,1.155102829,1.369753347,1.152762961,1.058492803,1.033051329,1.151440998,0.706626176,0.197492801,-0.450093694,-0.240678596,-0.041905777,0.229210439,FALSE
2.434701902,1.25044429,1.042113855,0.463965877,0.03422177,1.058244525,2.024781694,2.077163971,2.388708565,2.157039884,1.723559705,1.385974592,0.916386682,-0.385233949,-0.702617294,FALSE
0.884766628,-0.673614984,-0.546948517,-0.031689945,-0.099663609,0.362975065,1.105317469,1.04968491,0.87005488,0.402429654,0.6603323,0.527839401,0.717404151,1.315156003,0.344577746,FALSE
0.110175146,-1.647846979,-1.868694198,-1.898692118,-0.990863069,-0.949672303,-1.077149079,-1.010602854,-1.220434932,-0.415506628,-0.283037158,0.155684084,-0.378823892,-0.120216869,-0.374044173,TRUE
0.273790074,-1.762388393,-1.085053192,-1.227912196,-1.338983729,-1.971810299,-1.082981314,-0.81513274,-1.184894683,-1.431919294,-0.839341224,-1.505096842,-1.887454727,-1.902135876,-1.157090324,TRUE
0.078855974,0.060972351,-0.001868749,0.031794302,-0.68863553,-1.149458524,-1.476881976,-1.695844172,-2.00573978,-2.001408248,-1.10583436,-0.791485176,-2.012681704,-2.018807335,-1.607569885,FALSE
2.55012044,0.692294518,0.34354337,0.235503567,0.901284267,1.75451728,1.609986446,0.621990109,0.30828894,0.809957402,0.612750518,0.015662954,0.228182831,-0.368246618,-0.396692688,TRUE
0.376182523,0.641405373,0.180505298,0.118420905,0.120178747,0.233732336,0.768121249,0.886789502,1.327341957,0.418223249,0.954584731,0.943416421,0.680670347,0.296992545,0.451306909,FALSE
0.001384481,-1.53640246,-1.424350178,-1.76356536,-1.720701715,-2.320158045,-3.294130558,-3.36382562,-2.81531836,-3.090688023,-2.614030732,-2.564804607,-2.422550574,-2.091289425,-1.791580469,TRUE
0.377166197,-0.856975725,-0.886636482,-0.379964448,-0.012411169,-0.11248337,-0.123386242,-1.304718061,-1.724560132,-1.930238658,-1.871944095,-1.418447345,-1.905878002,-1.68407266,-1.754017982,TRUE
0.789932199,-0.213181612,-0.037282619,0.24184508,0.42963984,0.635716781,0.585031372,0.947456269,0.545950594,0.57753567,0.867881056,0.492080037,0.917753776,1.035557022,0.491982222,FALSE
0.161615436,-0.632224413,-0.737671616,-0.600221585,-0.778594195,-1.092103774,-1.213649721,-0.902883921,-0.358848514,-0.593742865,-1.044552762,-0.210719707,-0.095085284,0.130497695,0.683212685,TRUE
0.186513703,1.228097634,1.062878847,1.119514845,0.289812167,0.462830934,-0.064860848,0.756641619,0.281841877,1.598362902,1.253471329,0.842244837,0.849534452,0.596444771,-0.530972509,TRUE
0.597673351,-0.10422975,-0.116433366,0.303969288,1.023215293,0.911838801,1.619124956,1.599929858,1.22315722,1.368488058,0.844438985,0.826915461,0.560629063,0.102116687,0.285140261,FALSE
0.005954326,0.542903074,-0.147716101,0.544445857,0.654599662,1.490573371,0.899961444,0.581228214,0.226898778,-0.38048069,-0.344095049,-0.538533418,-0.014471534,0.938536786,0.945802396,FALSE
0.279589549,1.901699465,1.573396343,1.611905904,1.385557875,0.832855433,0.190484625,0.443716981,0.252365862,0.32311296,0.373007651,0.044058312,-0.413576496,-0.983756061,-0.855152592,TRUE
0.040011211,-0.75275576,0.113502207,-0.097422451,0.437342901,0.943254228,1.173838575,1.644118857,1.708606234,1.639262463,1.120046381,0.699491078,1.153978177,0.773645569,1.150855076,FALSE
0.664290926,-0.941238963,-0.652180437,-0.732511591,-0.302580053,-0.301134838,0.345672541,0.471439288,0.902118878,0.615435288,0.200669401,0.09870735,-0.258623065,-0.7246633,-0.83872796,TRUE
0.081343084,0.10990608,-0.402011124,-0.495340444,-0.884447018,-0.456338805,-0.094119528,0.517979123,0.237936558,0.283392945,0.281239783,0.474760497,0.004498674,0.227064338,-0.596563063,TRUE
0.860124716,1.073266903,0.154262008,-0.321672592,-0.040881894,-0.392491284,-0.396079491,-0.722142944,-1.107902887,-0.564949141,-0.939363419,-0.560388295,-1.50752933,-1.851732001,-0.900174153,TRUE
0.330866456,-1.018955927,-1.093312598,-0.713960295,-0.058640496,0.006801528,-0.125738464,0.112627258,-0.327968602,-0.370852495,-0.323497233,-1.155721612,-0.253141532,-0.897030037,-0.890989158,TRUE
0.084252075,-2.295537461,-2.014804764,-2.937093797,-2.802137877,-2.172631224,-2.131487216,-1.737253577,-1.411609168,-0.931391214,-0.908602104,-1.560467394,-0.959889249,-1.552169621,-1.328792827,TRUE
2.087768836,-0.686210411,-0.061774844,-0.06444627,0.354972475,0.018153474,0.483447733,-0.39095393,-0.277480799,-0.522637597,-0.893522279,-1.347249999,-2.090821314,-1.36136955,-1.33968491,TRUE
2.365095562,1.50158412,1.365886545,1.097725777,0.918755917,1.042525814,0.549650076,0.118992085,0.07419348,-0.650141277,-0.822756892,-1.546609998,-1.699234784,-0.974391766,-0.540545649,TRUE
0.305329787,1.725394711,1.602714204,0.949299362,1.640369237,1.989595914,1.687739978,1.22917681,1.242434464,1.05765512,1.064914763,1.050866905,0.903091514,0.543029877,0.480200054,FALSE
0.032834951,0.006269164,0.12817973,0.609203513,0.463494199,-0.265083589,0.13650929,0.361832509,0.021724221,-0.502530514,-1.28009976,-1.543218312,-0.888102031,-1.172786097,-1.566117552,TRUE
0.289095568,-1.490314207,-1.530614123,-1.964317579,-1.784712941,-2.22260125,-2.011050889,-1.878498682,-1.423906711,-0.727479127,-0.81266287,-0.313339382,-0.609054839,-0.66813986,-1.247542459,TRUE
0.035698277,-0.544373118,-0.978264703,-0.333901175,-0.89643858,-1.136467198,-0.612670993,0.200307303,-0.219455121,-0.485518886,-1.104129326,-1.561501824,-0.971432869,-0.480057224,-0.915661757,FALSE
1.189836069,0.106747926,-0.240938135,-0.342025218,-0.140024161,0.334650934,0.831838235,-0.096836048,-0.303795765,0.726070572,1.013501132,0.631331967,0.748651634,-0.137451444,-0.416656874,TRUE
0.421718406,0.845168063,0.21711268,0.023012879,-0.217879162,-0.839543346,-0.537550827,-0.545212651,-0.424705031,-0.499476738,-0.474851061,-0.204674276,-0.988705561,-1.32876938,-1.942969975,TRUE
0.561963059,0.413052838,0.799793329,1.302241022,1.174013057,1.382116317,1.25493602,1.178559479,1.265749434,1.644021448,1.206173764,1.022917523,0.412230034,0.67571228,0.105623094,TRUE
1.465852282,-0.739870206,-0.084922888,0.395002893,0.407549328,0.584034633,1.133191755,1.518161199,1.899963475,0.981928398,1.504024935,1.715768453,1.704743423,0.986195123,0.824612898,FALSE
0.891137535,0.265855771,0.071913294,-0.397873427,-0.178800103,0.730499338,0.978788019,1.441839472,1.731891616,1.544632142,1.283960397,1.582418863,1.390001347,0.808505125,0.997384087,FALSE
0.234889336,-0.502192268,-0.450778062,-0.352225695,-0.943900929,-1.043944011,-1.431843148,-0.501607561,-0.013755744,-0.719384095,-0.869374357,-1.133574928,-1.121478988,-1.324591881,-2.017800568,TRUE
0.561454922,-1.658097539,-0.791823626,-1.328793664,-1.083412001,-1.279566077,-1.689601267,-0.828091431,-0.822179958,-0.963527888,-0.716550943,-0.890032581,-0.788775663,0.078361063,-0.119557763,TRUE
0.213600829,-0.189458963,-0.324799155,-1.063726728,-1.680028245,-2.192132217,-2.105656631,-1.237693987,-1.595785432,-1.282800231,-1.043593808,-1.723127688,-1.686257854,-2.186132539,-2.695358968,TRUE
0.068746178,0.148482098,0.067254059,-0.334381805,-0.415711555,-1.373611138,-0.37136766,-0.278513923,-0.4543948,-0.516703612,-0.423585557,0.211824147,0.293337633,-0.433891209,-0.200780213,TRUE
1.636392579,1.575640333,1.327109896,1.465746537,1.968650879,1.956825886,2.705899545,2.681135921,2.611364353,2.881178395,2.562423625,2.208533209,2.482954108,1.960249638,1.380122223,FALSE
0.19599701,-0.059707735,-0.43042529,-1.076544872,-0.925914937,-1.696771904,-1.16253935,-1.586782235,-1.223719975,-1.345818212,-1.468760458,-1.412394682,-0.97789149,-0.316265604,0.102866537,FALSE
0.082247622,-0.095475599,-0.671241432,-1.06465202,-0.897394619,-1.086891606,-1.26091647,-0.118019975,-0.24472247,1.004130647,0.951127738,1.064207614,0.282189677,-0.120827151,-1.001953717,TRUE
1.695401243,0.490390732,1.402312476,1.550228576,0.740289244,0.971559426,1.187274251,1.644509407,1.821005112,1.254451577,1.428826774,0.864491211,0.224839753,0.021335004,-0.813477784,FALSE
0.357672213,-0.515320862,-0.558290765,-0.724699811,-0.93366983,-0.483814514,0.002677075,-0.227654575,0.723760349,1.168077307,0.926161925,0.745217154,0.420255627,0.562487502,0.315535284,TRUE
0.412543948,-1.242590028,-0.815005481,-0.918916376,-0.78218464,-0.789859883,0.001733246,-0.686776336,-0.631565375,-0.644154806,-0.667616514,-0.049067122,-0.141325103,-0.200618211,-0.465722693,TRUE
0.689047571,1.397016711,1.740699779,1.759911697,1.363679161,0.873663868,0.197660168,0.028809959,-0.647626126,-0.293249362,-0.468946154,-1.218378387,-0.724234508,-0.545704884,-0.163760518,TRUE
0.134605592,-0.208948478,-0.290479248,-0.341585159,-0.127692076,-0.707675929,-0.850406042,-0.865578642,-0.990874,-1.477375587,-1.039870245,-0.131149095,0.21882068,0.452701824,0.351787608,FALSE
0.011102086,-1.660513946,-1.598270402,-2.099308601,-1.807930574,-1.84152853,-0.867847737,-0.924371489,-1.441990178,-0.963771967,-1.310628145,-0.803515048,-0.797136355,-0.900195551,-0.727889702,TRUE
0.074597559,-0.462315636,-0.242025864,-0.08823243,-0.288377762,-0.658882564,-0.654902252,-0.158262571,-0.136000073,-0.703751484,0.111407518,1.01121211,0.797099494,0.254230562,0.883459659,TRUE
0.239206762,-2.035504831,-2.577615473,-1.816525775,-1.61793861,-1.790247868,-1.300817125,-1.481996753,-1.525926182,-1.682950216,-1.766863663,-1.570694025,-0.981979935,-0.864926351,-0.678473984,TRUE
1.555645618,0.642643426,0.973757943,1.457876914,1.025940107,1.88953968,1.193573489,1.425175214,1.243768392,1.334829012,1.40181021,0.80531781,0.59678347,0.938618319,0.697964774,FALSE
0.176148563,-0.923111844,-0.881154487,-0.537474937,-0.603421414,-0.236430877,-0.602519921,0.355710629,0.73551302,0.762985968,0.123783483,-0.163374069,0.042186985,0.411266316,0.452744203,FALSE
0.11448074,-0.335724431,0.595010133,0.890306177,1.466155981,0.720898917,0.719327844,-0.195486115,0.071687781,-0.37063135,-0.075838305,-0.583889829,-0.413462678,-0.02856034,-0.114460239,TRUE
0.248858914,0.420232892,0.204831186,0.786059995,1.10696727,0.945414863,0.954268413,1.222973885,0.897975361,0.291507638,0.060898197,-0.019457993,0.407695344,0.318457771,-0.066271507,FALSE
0.11957566,-0.242520354,-1.304162909,-0.59018341,-1.155479654,-1.713168765,-1.629284057,-0.641289375,-0.984279007,-1.317049153,-1.142646241,-0.819848078,-1.673049429,-1.949494534,-1.870770296,FALSE
1.196144095,-1.10035027,-0.302402767,-0.05797878,-0.63879644,-0.844768526,0.464555644,0.491732357,0.801405887,0.535507489,0.511975518,0.52871593,-0.180748275,-0.491280923,-0.281806939,TRUE
3.006913478,0.862937757,0.963324755,1.117066557,0.493588539,0.70303201,0.302301758,0.334866576,0.162429496,-0.211600241,-0.026073761,0.009225394,0.008417334,0.263912707,-0.494817141,TRUE
0.298824238,0.322063834,0.160987456,-0.005195929,-0.403302606,-0.202860553,-0.356557212,-0.990661309,-0.780780852,-0.724457315,-0.95950317,-0.833377608,-1.112417256,-1.477205117,-1.812936831,TRUE
0.444818966,-1.026339631,-1.141385685,-0.83837438,-1.268765255,0.136413697,0.316258192,-0.185695254,-0.709249633,-0.283638541,-0.270432164,0.252480904,0.594624124,0.279365849,0.553209229,TRUE
1.125552496,1.343574801,0.440177776,0.049038971,0.528099812,-0.5289364,-0.044513221,-0.369216528,-0.600425139,-0.214393174,-0.348409042,0.034422339,0.410864159,-0.033903652,0.346352991,FALSE
0.136560771,-1.726904315,-1.964142072,-2.292865856,-1.862199231,-2.040719854,-1.76791579,-0.762893318,-1.275642339,-0.681338382,-1.040364306,-1.047606502,-0.775128704,-1.03765566,-0.331375828,TRUE
0.83761661,0.356407382,0.478197902,-0.017859013,0.884306035,0.985119289,0.439292118,0.376086251,0.246270685,0.039427355,0.490787799,0.848724996,0.703763626,0.645012474,0.732028589,TRUE
0.031102607,-2.103118475,-1.549807214,-1.277915774,-0.26755229,-0.592087061,-0.526372335,-0.507834757,-0.231090871,-0.267688236,-0.201827659,-1.266957378,-1.760764393,-1.786680833,-1.415848612,TRUE
1.348942771,0.414955196,0.953610302,0.397885368,0.734034526,1.41535656,1.611213891,1.027919595,0.2745279,0.501570112,0.641377773,0.824635405,1.042086051,0.853770597,0.66347997,FALSE
0.913850227,-0.925666462,-1.047352803,-0.492396346,-0.626182023,-1.756849676,-1.114298008,-1.077241719,-0.200088049,-0.862914402,-0.448931163,-0.126646432,-0.731058683,-1.56792749,-1.442451962,FALSE
0.212072602,-0.898798371,-0.433118823,0.019871945,-0.691133211,-1.523860276,-1.528629742,-1.67741256,-1.230803281,-1.231820031,-0.988824599,-0.9311273,0.100813355,-0.114631108,-0.650255516,TRUE
1.920458099,2.076353689,2.475214659,2.017261495,2.187262872,1.584501301,1.000410138,-0.304192381,-0.86991153,-1.767163279,-1.496952235,-1.590136206,-1.684176169,-1.105906965,-0.530267652,TRUE
0.380173244,-0.778221319,-0.699716841,-0.669422939,-0.444505761,0.186072454,0.75181635,1.53737481,1.103276668,1.348345097,0.564495665,0.175666089,-0.41761343,-1.347255181,-1.501854251,TRUE
2.10583152,-0.749057538,-0.020310427,-0.442753912,0.042211594,0.719849729,1.644157575,1.104698683,0.630660931,0.157070633,-0.139136773,0.298994491,0.300827676,-0.150231167,-0.79567721,TRUE
1.473690544,2.034932083,1.576381481,2.240484073,2.227137666,1.426147585,2.137403724,2.020673715,2.116834803,1.966398872,2.00995177,1.977603187,1.737241365,1.289849374,0.226194432,FALSE
0.062874391,-0.678382127,-0.783900086,-0.44302689,-0.711082702,-0.598895087,0.025301212,-0.009577624,0.693820994,0.29611297,0.003005186,-0.568895044,-0.292204973,-0.053303936,0.303772293,TRUE
0.701421481,2.052727084,2.25434053,2.35009574,2.134740298,1.628487036,1.470855972,1.463609975,1.661729367,1.190782149,0.942391531,0.356616225,-0.126088121,-0.191819165,-0.975560136,TRUE
4.199819458,0.345943408,0.532399095,-0.007363011,-0.128756868,-0.496293461,-0.114969237,0.115035804,0.474498245,0.314976421,0.694881933,0.444771094,0.215015109,0.230917016,0.312648438,FALSE
0.349279985,-1.086426507,-1.865905414,-1.242729602,-1.195326258,-1.045029335,-0.873599879,-0.504023137,-0.997221487,-0.602355283,-0.221786399,0.441318038,1.066741437,1.193355348,0.901856545,TRUE
0.215118273,-1.917803357,-1.343770122,-1.645801945,-1.886802004,-1.93615091,-1.685057082,-1.949769189,-1.52256517,-0.904210386,-0.508025693,-1.200429219,-1.20854084,-1.637459107,-0.543708198,TRUE
0.13972429,-0.804960721,-0.694317992,-1.029212386,-1.431919093,-1.55079132,-1.068159237,-0.601630087,-0.434668186,-0.658424346,-0.928626635,-0.898753777,-0.932482583,-0.307354566,-0.988474286,TRUE
0.322679627,-0.008599545,0.530333081,0.881539821,0.660053496,0.855257618,0.458237895,0.326214505,-0.483604301,0.349036378,0.545952698,-0.561550516,-0.704814434,0.217855167,0.573865886,TRUE
0.910225013,-0.355072075,-0.032550683,-0.228435478,1.074620382,1.242301267,0.532234583,0.130713061,0.695220157,0.150503804,0.520977845,-0.057542825,0.162137846,0.112948147,-0.067088477,TRUE
0.771421751,0.677355232,1.30231106,1.219377998,0.589269319,0.492861597,0.098578933,-0.38289737,-1.153757938,-2.160233611,-1.384368376,-0.834747246,-0.808864236,-0.370978755,0.440967007,TRUE
0.127272337,-0.685932567,-0.579407267,-0.610492974,-0.450986571,-0.257077393,-0.419904069,-0.26408667,0.211395699,-0.417838572,-0.73625921,-0.294887395,-0.150983973,-0.504039262,-0.317368717,TRUE
1.197060381,2.368060129,2.234092136,2.386284402,2.120808629,1.471120309,1.954018788,2.20932429,2.034690157,2.205094982,2.299089954,1.766276389,1.724832563,1.663814459,1.299327498,FALSE
0.087545896,1.09304232,0.758751791,0.717024167,1.448364621,1.732836586,1.580260706,0.644637734,-0.328257525,-0.213682669,-0.856362573,-0.59231153,0.036697736,0.606605791,0.966186435,FALSE
0.145880391,0.510191162,-0.128512597,0.323754216,-0.132133861,0.398944565,0.142584278,-0.514098635,-0.109113139,0.64915877,0.161530452,0.395797872,0.46324654,0.47616355,0.324028275,TRUE
0.043143257,-0.385467767,0.27549604,-0.156675764,0.249937922,0.441652405,0.612862731,0.224665309,0.452936371,0.008110443,0.593017383,0.761283979,0.713755338,0.59790395,0.683052388,FALSE
2.884926518,0.873959998,1.348958777,1.858573822,2.398081421,1.867611244,1.690148772,1.344765817,0.632024511,0.258176999,0.128855237,-0.120524338,-0.427464723,0.259354864,0.179246551,FALSE
0.056678333,-1.232180654,-1.358621847,-0.95332014,-1.747881769,-1.995972082,-2.298570141,-1.970658622,-2.627965174,-2.854252689,-2.797103403,-2.267680648,-2.191993004,-1.646628762,-1.951335299,TRUE
0.302054726,1.045260912,1.049590485,0.679026544,0.803838643,-0.264048545,-0.552214734,-0.698638049,-1.004236378,-1.003857735,-1.07741961,-0.112343458,-0.334771482,-0.091889086,0.168484861,FALSE
0.497807733,0.612355371,0.188957599,0.216246183,0.31081828,-0.353887948,-0.287403905,-0.228204161,-0.463835579,-1.002139419,-0.952502134,-0.837631564,-0.056363102,-0.364883706,0.410181995,TRUE
0.320403204,-1.193311591,-1.257183489,-1.222545973,-0.181262995,-0.833639247,-0.630351366,-0.672850643,-0.189567138,-0.675744148,-0.53751077,-0.28545201,-0.454906141,0.071278896,-0.472021251,FALSE
0.198889339,0.918141338,0.375694929,0.679262599,0.695595417,0.86135268,0.669807743,0.631146255,1.504018329,1.132498096,1.557006656,1.476619063,0.773160241,0.64911782,-0.496074549,FALSE
1.348046593,1.772187974,1.721555699,1.905738828,2.220482885,2.397793328,2.091746839,1.960018117,1.442647236,1.257308793,1.433585108,1.836228057,2.133123319,1.495805155,1.138266553,FALSE
0.109866448,-0.99527406,-0.239223283,-0.416528664,-0.7323596,-0.120675302,-0.408130901,-0.703063219,-1.082937129,-0.573265584,-1.161560942,-1.132266803,-1.305386882,-1.730103309,-0.491180935,FALSE
2.496011244,1.102519307,1.117165232,1.3851284,1.184074308,0.520968092,0.916346857,-0.016706541,1.101774717,0.519192447,0.374782425,-0.462468777,0.006998684,0.106371472,1.173407912,FALSE
0.023999679,0.853342827,0.96473521,0.797884437,0.414770832,0.715950241,1.376511562,0.290741732,0.01039424,-0.024830839,-0.493357647,0.273500982,1.169855705,0.934240798,0.78400293,FALSE
0.202405874,-0.088910627,-0.447822712,-0.392133058,-0.811420787,-0.612098987,-0.99295605,-1.677281033,-1.405992425,-0.999004216,-0.991732931,-0.482367603,0.184696384,-1.308381397,-1.520467756,TRUE
0.3331252,-2.443240745,-1.569239172,-1.682608342,-1.286124373,-1.070024185,-0.643035463,-1.060754136,-0.454706827,-0.652691497,-1.024381147,-1.20485495,-1.120839445,-0.678026305,-0.324819387,TRUE
0.045013837,-0.938497751,-0.604241403,-0.581039179,-0.506577266,-0.590295372,-0.819583276,-0.174695836,-0.466725946,-0.780066163,-0.630825024,-1.086127685,-1.126690077,-1.1886092,-1.207286346,FALSE
1.897040957,0.714572335,0.556105628,0.620245052,0.382288436,0.160416926,-0.63261455,0.755854147,1.002571231,0.381966573,0.357220919,0.058468783,-0.135179408,0.016519863,0.133051434,TRUE
0.036243702,0.998369609,0.471682552,0.058709975,-0.169546846,-0.296575077,-0.097480968,0.203786116,-0.17991061,-0.122595003,0.194454712,0.605978572,0.558256297,0.8389318,1.088268838,TRUE
0.294725335,-0.569767018,0.128418516,0.889885358,1.09058154,0.776209959,0.44577237,0.085154041,-0.457159254,-1.458815608,-1.713688293,-1.47341708,-1.227408683,-1.289633905,-1.605095244,TRUE
1.095046234,0.520235943,1.164833862,0.518924079,0.485960051,0.310730361,0.148958806,-0.338156727,0.423672581,0.081465794,-0.120278388,0.407242415,0.245172291,0.036686149,-0.088904844,FALSE
0.572095559,0.325049765,0.22277195,-0.098995952,0.288876762,0.959491669,1.271927523,1.475832204,1.532170739,1.462050688,1.364042489,2.022027512,2.091873643,2.075596788,1.251701422,FALSE
0.907454732,-0.055038133,0.425909794,-0.199629558,-0.019086576,-0.667813214,-0.79960946,-0.79683983,-0.468361353,-0.475761498,-0.264723318,-0.406177694,-0.773287898,-0.772162652,-0.610175592,TRUE
1.217056839,-0.553482312,0.057030255,-0.087494371,-0.756192253,-0.492854908,-0.96118667,-0.679975015,-0.89946798,-0.902942442,-0.468463617,-1.119858912,-0.577142935,-1.281536117,-0.718332129,TRUE
1.883453968,0.13004469,-0.379707285,0.810399945,0.655013833,0.357506581,-0.143402794,-0.066035783,-0.409816688,-0.962415793,-0.119252413,0.352112714,0.431839313,0.261620805,-0.166767708,TRUE
0.236645564,1.039861574,0.876448692,0.881737661,0.44845395,0.715152909,0.384063412,0.684908058,0.072101601,-0.388610023,-0.007177959,0.485624152,0.395654539,1.45220011,1.805245259,TRUE
0.969202166,-0.413515043,-0.53322302,-0.297942627,0.39987152,1.074096766,1.044836311,0.577675094,0.88883297,-0.065687701,-0.850019087,-1.678458964,-1.3683658,-1.219405737,-0.783170671,TRUE
0.859358982,0.262220651,-0.123226132,0.03822758,0.239926253,0.06711736,0.028460093,-0.554256538,-0.741658173,-0.497451443,-0.778243848,-0.813407113,-0.717783128,-0.472925981,-0.964251892,TRUE
1.314180026,-1.392464812,-0.798050188,0.291351031,0.77642085,1.754787676,1.426019802,2.167184765,1.744479014,1.511779693,1.546061328,0.794007666,1.003283649,0.621852491,0.797533602,FALSE
0.020029965,-2.157221283,-2.177445932,-1.917111104,-1.802060944,-2.00778031,-2.627868308,-2.448295268,-2.555854079,-2.759932329,-2.685530544,-1.562769245,-1.185545635,-0.745670249,-0.566254348,TRUE
0.095096454,-0.43289928,-0.591554301,-0.254075313,-0.144840469,-0.159427902,0.632398646,-0.133407093,0.069336518,0.579108125,0.617226329,0.162567917,0.771893012,-0.106429239,-0.18837909,TRUE
0.56219568,-0.290717112,-0.63878839,0.388015512,0.726165592,0.526352253,0.719683959,0.168119511,-0.812646509,-0.640066583,-0.916044508,0.135965035,-0.188527534,-0.390615675,-0.46528206,FALSE
0.156310904,-0.385784908,-0.01035327,0.144081499,0.104100362,0.042859031,-0.462221846,-0.09622416,-0.308951897,-0.127258239,0.236224116,0.810623543,1.084926738,1.767275898,1.345973538,TRUE
0.021687984,-0.358734343,-0.531075958,-1.120245042,-0.967562914,-1.754650384,-2.670686271,-2.690204478,-1.980705574,-1.47830262,-1.180296824,-0.3050979,-0.655996047,-0.855171255,-1.370195752,TRUE
0.407068831,-0.519352585,-0.772787563,-0.716707803,-0.259546815,-0.148254649,0.162728957,-0.236543562,-0.615840621,-0.956522148,-0.827070845,-1.13994035,-0.322354444,-0.214325839,-0.204912635,TRUE
0.25153415,0.34509406,-0.100459001,0.803293798,0.546956342,-0.1327256,0.699795583,0.13187115,-0.26452873,-0.181567907,-0.506288995,-0.454112616,-0.972286749,-0.431514603,0.118168754,TRUE
0.890876614,1.202066667,0.759778084,0.637032031,0.83675267,1.203275922,1.48909003,1.47508349,1.895949662,2.538814059,1.933997314,1.750293414,1.619948538,2.075066589,1.408262663,FALSE
0.047675561,0.296526977,0.269268688,0.009230128,-0.7267184,-0.539736359,-0.182381015,-0.865509501,-0.79053366,-0.345933451,-0.694761649,-0.439017446,-0.120698107,-0.423135118,0.719334882,TRUE
0.066772046,-0.386487805,-0.430280646,-0.478236122,-0.584236309,-0.83643889,-0.674257622,-0.848107047,-0.554651205,-0.546678071,-0.504523874,-0.412770646,-0.871545629,-0.126323518,-0.321441578,FALSE
0.813026227,-0.318459482,0.409727879,0.183877623,0.062249619,-0.002209287,-0.467462739,-0.823301958,-1.224735727,-1.476499899,-0.866616305,-0.0942081,-0.587516491,-0.495532921,0.172036662,TRUE
0.171452911,-1.082948699,-1.119881727,-1.12522846,-0.795389412,-0.618760892,-0.331352992,-0.153504153,-1.298451812,-0.347463524,-0.485046014,-0.670120641,-1.819998919,-1.478822307,-1.148953655,TRUE
0.519229491,-1.219207725,-0.76841566,-0.381166518,0.373875107,0.514409137,0.264822012,-0.067869677,-0.167524223,0.086579535,0.17731969,-0.049736228,-0.195063937,-0.062086072,0.082200754,TRUE
0.173907146,2.285840443,3.420509592,2.945121654,2.82815533,2.402046102,2.467241912,2.072425982,1.333145788,1.232965096,1.110111682,1.1041761,1.538402723,0.825234174,0.732197333,FALSE
0.338485842,-1.346642462,-1.45451656,-1.807273085,-1.728480761,-1.338527982,-0.999389287,-0.33583772,-0.462406665,-0.19818389,-0.666735104,-1.101768248,-0.749662172,-0.473029391,-0.216131675,TRUE
2.867078128,1.387369029,1.994637697,2.922191646,2.72462252,2.584637158,2.087611423,1.784212472,1.552134991,1.438025908,0.533256605,0.86926879,1.026200776,0.945772401,0.528937833,FALSE
1.279540463,1.682424828,0.885278494,0.805713115,0.733717615,0.908592056,0.537239878,0.628424039,0.632191642,0.259796601,-0.47514483,-0.777815873,-1.101112157,-1.030208355,-0.551117732,TRUE
0.775411877,-1.455329101,-0.874835927,-1.151287599,-0.973184548,-0.647907504,-0.293853555,-0.516929771,-0.37144516,-0.201940256,0.04208364,0.138520813,0.500710676,0.27865107,0.507088824,TRUE
0.11659159,-0.109335614,0.166833901,-0.278445283,-0.748572742,-0.028127735,0.484506564,0.347405731,0.597281277,0.942334674,0.493965209,0.646299967,-0.302586603,-0.426528801,-1.170197835,TRUE
0.614774866,-0.389083495,-0.19076022,-0.33451949,-0.415744863,-0.04730168,-0.218305302,-0.380206975,-0.731227107,-1.04592147,-0.46039404,-0.8043609,-0.840442109,-0.708195583,-1.966999936,TRUE
0.792771887,-0.071405651,-0.561585113,0.272890568,0.08283233,-0.660754797,-0.144276953,0.205571806,0.131472517,-0.458017459,-0.17458113,-0.233261283,-0.022137203,0.013312904,1.087294708,TRUE
0.160726861,-0.657280601,-1.233268439,-1.047887384,-0.289563414,-0.558168326,-0.480129824,-0.228190476,-0.978019821,-1.295527238,-1.673734,-0.529016565,-0.641676523,-0.450610733,-0.708268451,TRUE
0.765698407,-0.047168334,-0.03805997,0.296339042,0.178160928,-0.370975041,-0.721583128,-1.162699879,-1.545656876,-1.059309138,-0.814957538,-0.464497514,0.544882902,0.468654552,-0.377118204,TRUE
0.003647398,-0.023327147,-0.381072412,-0.55123986,-0.172602201,0.448954221,0.476373868,0.755256001,0.607104044,0.141354712,-0.398680005,0.063482912,-0.553629535,-0.922535065,-1.042774522,FALSE
2.206766137,1.693372253,1.835475286,1.535071065,1.541196921,2.081505431,1.699885345,1.131807876,0.945138498,1.261222419,1.143958328,0.374400357,0.165408624,-0.209819776,-0.588106154,TRUE
1.494437834,1.377701758,1.468156098,0.968456733,1.061764751,0.079027148,0.599917127,0.578559777,0.455390527,1.018279153,0.98333722,1.0812611,0.903190075,1.313839359,0.983543421,FALSE
0.158450522,1.705780255,1.118139787,1.018280129,0.360971764,0.760991878,1.121064064,0.447933497,0.323068387,-0.26818633,0.502260789,-0.202355487,-0.379066622,0.434814293,-0.222125304,FALSE
0.783068318,0.473495418,0.232382275,0.086253629,0.211885081,-0.236035777,0.405970345,0.987770055,0.612186133,0.217544781,-0.197676372,-0.309202313,-0.599602456,-0.28858659,-0.231372335,FALSE
0.315583388,-0.241848557,0.23555088,0.361237746,0.012510429,0.010922885,0.759356232,0.593731602,0.86570737,0.913434236,0.792936012,0.355996274,0.463199332,0.915003861,0.999278084,TRUE
0.019753457,-0.430154523,-0.314496722,-1.131550283,-0.546821347,-0.271014001,-0.081586387,0.032766581,-0.5658596,-0.744488124,-0.094914993,-0.187618648,-1.214190339,-0.544927028,-0.743570911,TRUE
0.176810639,0.143400723,-0.419569387,-0.108044483,0.004369856,0.169919295,-0.1627594,0.020417656,0.431485026,-0.381656778,-0.137274362,-0.383462116,0.007224698,0.248442274,0.052304186,TRUE
0.956724689,0.094989274,0.235203009,0.012918058,0.331674708,0.351026889,0.046468728,-0.182550525,0.298564315,1.179039833,0.484276063,0.317468548,-0.167157839,-0.592701314,-0.85082276,TRUE
0.952981169,1.538874665,1.518776498,0.298881576,0.983989111,0.760414176,0.854847306,0.339312014,0.398971447,0.606622839,0.225032453,0.465280522,0.296124703,0.224719474,0.096345764,FALSE
0.650296642,-1.490620987,-1.590411842,-1.623962194,-1.264322948,-1.245526503,-1.073591411,-0.440317141,-0.472504106,-0.901098467,-1.092603551,-1.210314729,-1.121896236,-1.068620929,-1.063188331,TRUE
0.14755555,0.79011085,0.584550687,0.44833305,0.104091369,-0.240812348,-0.150805284,0.446007911,-0.192397456,0.188338685,0.198573618,-0.213199569,-0.360189204,-0.557181381,-1.094469468,TRUE
0.009577805,-0.486909068,0.370013063,0.68442525,0.379750555,0.080373136,-0.20642527,-0.560672155,-0.839535173,0.120544985,0.463871355,0.667579889,0.272740131,0.289048299,-0.426503351,TRUE
0.41634618,0.838114833,0.650086119,-0.088055155,-0.408106702,-0.04277225,-0.592876297,-0.719755655,-0.022592078,0.012529036,0.019950055,0.311931125,-0.150449306,-0.550442761,-1.139197363,TRUE
2.017562986,0.18873713,0.846594642,1.065584537,0.601178452,0.146315743,0.523364954,-0.217557264,0.078728185,1.431439308,1.979087526,1.845431038,2.378539338,2.947945191,2.901227579,FALSE
0.815538722,1.480657704,0.885172695,0.733478654,1.044497645,0.390109517,0.767432083,0.335759287,0.058007808,-0.190780343,-0.165130488,-0.07862287,0.463195573,0.254789754,-0.255484687,TRUE
0.681031645,0.803559876,0.629776442,0.988615024,0.914630628,1.19160795,0.798301553,0.353691207,-0.452383185,-0.455095669,-0.184732539,0.420786889,0.167343547,0.672569888,0.786994744,TRUE
0.542193778,-0.992991237,-0.781062143,-0.683239036,-0.818140603,-0.100771456,-0.412496211,-0.944512912,-1.327181883,-1.213640827,-0.568596611,-0.510556978,-0.162889759,-0.31839774,-0.123933058,FALSE
0.005453205,-1.518029767,-2.100049871,-1.193565172,-0.564263135,-0.823214294,-1.189651276,-1.424195117,-1.677875878,-1.783824781,-1.848598607,-1.793366646,-1.697192367,-1.36752613,-0.953650905,TRUE
0.030461108,-0.234075818,-0.083655866,0.311337425,0.728075693,0.405136974,0.212609005,0.440250432,0.200359558,-0.25499975,0.103284222,0.02108141,-0.486183005,0.621770581,0.490257178,TRUE
3.057787578,0.274459669,0.166850495,0.479304765,0.434282579,0.47700711,0.074279267,-0.469040539,-0.618461765,-0.291500908,0.164977804,0.097995065,0.287893447,1.061099921,1.392909844,TRUE
3.940343567,0.988674473,0.699118413,1.241229754,1.504184335,1.763472544,2.349322972,2.36528464,0.819445472,0.843709447,1.206900521,1.647939663,1.141294956,1.505889031,0.949277871,FALSE
0.056559765,0.654637709,1.23020693,0.368088496,-0.42146966,-1.188608048,-0.867636932,-0.706469653,-1.034509254,-0.24318152,0.303450578,0.461246034,0.087561451,0.250950536,-0.531764294,TRUE
0.183877637,1.266181833,1.621457128,1.019326206,1.523304528,1.429020636,2.731766849,1.996474908,1.505463828,1.550228279,0.919010939,0.622209532,0.649139102,-0.118774971,-0.685962812,FALSE
1.323752006,1.212987447,0.876189117,0.543137781,0.597027587,0.157088897,0.640506895,0.422615905,0.255808327,-0.40535932,-0.18160792,-0.395778119,0.152167487,0.000202779,0.521744508,FALSE
0.736944889,1.444507496,0.577791586,1.436616568,0.615144609,1.086439614,1.229211052,1.588968022,1.566955592,0.701459121,0.72854357,0.800677591,1.191646237,0.899498511,0.321617582,FALSE
0.501800813,0.207448373,-0.06995057,-0.541970599,-0.218822809,-0.319430291,-0.069193382,-0.092084058,0.97068406,1.133351527,0.608438331,0.417755097,0.015017274,-0.408026069,-0.716962347,TRUE
0.003394563,-2.648149831,-2.722781502,-1.513577249,-1.611241097,-1.938752683,-1.714641176,-1.304330339,-0.443029413,-0.437269645,-0.091373315,-0.23593483,-0.810727142,-0.498689765,-1.187045078,TRUE
0.320915587,1.056785774,1.121234131,0.275597364,0.307088175,-0.239506477,0.241082024,-0.182156642,0.226169279,0.75881722,1.236647788,1.0917786,0.433988164,0.420261759,-0.214862659,TRUE
0.478300184,-0.648669601,-0.862355,-0.814309285,-0.6196259,-0.929092227,-1.133617042,-1.167927351,-0.639698287,-0.300239673,-0.213266864,0.100530294,-0.706406572,-0.501637283,-0.678939352,TRUE
1.790164316,2.537139803,2.729752163,2.201294947,2.118012421,1.917874297,2.335621839,1.922993435,2.367433256,1.68101313,0.911789041,0.92934365,0.798231844,1.248749012,1.241637394,FALSE
0.077006538,0.014017925,0.855348424,0.341497705,0.296777526,0.302696093,0.060950916,-0.090314323,-0.305954511,-0.249155455,-0.044303109,0.238079417,-0.035718351,0.838300758,0.78133103,TRUE
0.906385467,0.698355682,0.802727282,0.431436799,0.578194119,1.312757931,1.483999877,1.754070691,1.115531486,1.417227104,1.325798224,0.828023931,0.541206703,0.430189109,0.912399302,FALSE
1.820740272,-0.237757574,0.54370874,0.017736821,0.002068497,-0.620606586,-0.524548859,-0.578219102,-0.676357012,-0.055454609,0.405099831,0.354577062,0.134911057,0.250848953,-0.004511384,TRUE
1.487697889,0.346725081,0.328034486,0.550660083,0.473379955,0.359661692,0.134010776,0.258675264,0.236387941,0.638297313,0.94550783,1.112237299,0.182121846,-0.52562141,-0.728177594,FALSE
2.160230954,0.487855358,0.622365921,0.720024927,0.712540241,0.499023074,0.7397971,1.37515657,0.822343852,0.582637368,0.676000381,-0.00356622,0.439495351,0.740995224,1.950605725,FALSE
1.234993961,-0.237192436,-0.433728056,-0.169198001,-0.789105089,-0.617579306,0.214580637,-0.380227817,0.19873036,0.438369006,0.434969696,0.533304983,0.34644725,0.944834488,0.954150334,TRUE
0.016449404,-0.698325007,-0.870193328,-0.625859564,-0.609098361,-1.087052124,-1.193815306,-1.393130889,-1.209586008,-1.227813295,-0.813029088,-0.958765447,-0.74026818,-0.95618914,-0.281691665,TRUE
1.273283856,-1.164388814,-1.429726385,-1.069897618,0.486341583,0.519435086,0.491689498,1.483906613,0.835133948,0.589388509,0.79604724,1.117686578,1.055727407,0.313940206,0.691355043,TRUE
0.429597786,0.171233743,0.131422095,-0.453350411,-1.167273491,-0.769345389,-1.053858483,-0.976741918,-0.829984013,-0.572615635,-0.721276098,-0.850274546,0.168535536,0.43844997,0.797286252,TRUE
0.05086511,-0.54549116,-1.066725027,-1.528573363,-1.702142585,-0.881369221,-0.965532371,-0.665616262,-0.047259465,0.226891529,-0.161714282,-0.059329159,-0.312905582,0.226667935,-0.333740985,FALSE
0.082981129,-0.436661432,-0.137543199,0.287591552,0.618372914,0.191833895,0.413631817,0.39448489,0.685293669,0.570930824,0.515961615,0.497080652,0.144765952,-0.128458574,0.180382951,TRUE
0.23384357,-0.373705624,-1.136925289,-0.325012221,0.203078248,-0.442514312,-0.249874312,-0.410878649,0.002223911,0.238321318,0.108603493,0.291714118,0.372894775,1.066029776,0.677458433,TRUE
0.203686331,-0.576517597,-1.272833446,-0.931685132,-0.831224941,-1.027667188,-0.805899578,-1.041164756,-1.338306864,-1.4355609,-0.93172959,-0.907021298,-0.364715822,-0.447883484,-0.1708014,TRUE
0.903593445,2.098479714,2.121205515,2.823586056,3.523813271,3.138518663,3.140267724,3.136173779,4.057256896,3.175796865,3.367060517,3.57233963,2.807572369,2.672230047,1.904645893,FALSE
0.363851643,0.314241163,0.019654499,-0.360912482,-0.612212471,-0.714061698,-0.618677322,-0.915895024,-1.13545492,-1.073967999,-0.597048179,-0.547891157,-0.036748448,0.148364591,0.238399715,FALSE
0.080951644,-0.762225588,-0.516129723,-0.127176885,-0.25989285,0.211246483,0.031726661,-1.007167255,-0.652049464,-1.262157345,-0.114910008,0.026409863,-0.059928342,0.042544838,-0.138924116,TRUE
0.208782461,-0.655825792,-0.635008204,-0.517361747,0.024391046,-0.019060609,-0.039816315,-0.611296815,-0.460314282,-0.54052321,-0.333164421,0.29984224,-0.073807338,0.260904771,1.119477547,FALSE
0.404373443,0.005751856,-0.027914226,-0.305206763,-0.576495872,-0.409619028,-0.17750499,-0.26524149,0.234712041,0.346269096,-0.31829546,-0.588970076,-1.191888685,-0.921026066,-1.301328093,TRUE
0.534536239,-0.910125412,-0.928088297,-1.532835289,-0.575748664,-1.001023521,-1.030407017,-0.894677121,-0.686393151,-0.951359794,-1.4490471,-1.367911518,-1.633633083,-1.122235403,-1.267546896,TRUE
2.476994577,1.789140345,2.114958599,2.676805475,2.293723385,1.938422376,2.164279641,2.067317162,1.725576203,1.738274769,2.080022543,1.391557827,1.159346663,1.079012166,1.337509273,FALSE
0.467806133,-0.076778157,-0.208129415,0.068165856,0.058348451,-0.282995331,-0.689053263,-0.781897587,-0.31799552,-0.346229731,-0.028632085,0.627375042,0.309709707,-0.37540776,0.312192652,TRUE
0.157294452,-0.077210032,-0.799321598,-0.545890613,-0.348989032,-0.649349326,-1.417814032,-1.760640786,-1.831425087,-1.420172084,-0.73668998,-0.441011014,-0.450420866,-0.721646446,-0.201688146,TRUE
0.371844764,-0.643649221,-1.013192186,-1.323926406,-0.936096117,0.014378803,0.311090767,-0.652026302,-0.823366769,-0.310809955,0.324930305,0.38818019,0.173914512,0.297700359,-0.001709182,TRUE
0.075706419,0.267809784,-0.463327205,-1.068192692,-0.302430918,-0.216064542,-0.344803618,-0.292119481,-0.175627197,0.100825348,-0.598625214,-0.507999468,-0.549281595,-0.552590486,0.030960293,FALSE
0.123097864,0.090029873,0.698267818,0.618248095,0.843944943,1.012753661,1.028496966,1.036312903,0.670289993,-0.331655103,-0.835473641,-0.063979786,-0.503136704,-1.005038301,-0.453496576,FALSE
0.453644437,0.098418461,0.300626535,0.237768549,0.252329151,0.040098971,0.027417723,0.588246849,0.589640587,0.225862412,0.90945063,1.01272069,0.605991311,1.164294233,1.368588476,TRUE
0.012134955,-0.771827758,0.021770067,0.335601561,-0.056370116,0.493334465,0.58422711,-0.20172439,-0.185106557,0.403579972,1.376694844,1.148699263,1.183729401,1.197572932,1.039886154,TRUE
0.062436739,1.207529414,1.170616446,0.566584206,0.529485654,-0.015920736,0.046691397,-0.547462932,-0.938367714,-0.726723496,-1.803419461,-1.475428772,-2.753745711,-1.845865668,-2.491463271,TRUE
0.485861133,-0.750756897,-0.998932712,-0.442336521,-0.342463633,-0.774193396,-0.919281248,-1.491847813,-0.878704521,-1.419181018,-1.325898072,-0.562154103,-0.654707356,-0.922328319,-0.048348364,TRUE
0.907559278,0.544877804,0.511427733,0.073973557,0.096605674,0.206696963,-0.008210588,-0.203873612,-0.194043957,0.351950478,-0.06871286,-0.921126988,-0.62313828,-0.38863016,-0.445441413,TRUE
0.264017058,0.019857037,-0.539662095,-0.668449645,-0.891906472,-1.000307717,-0.85198678,-1.604899389,-1.963268821,-1.674568182,-1.536768151,-1.859282394,-1.250379305,-1.838853514,-2.068590308,TRUE
0.869482733,-0.08752162,-0.718384835,-0.630359881,-0.618018152,-0.749566989,-0.432984062,-0.487370451,-0.506396107,-1.171393771,-1.351335782,-1.940269197,-1.101579978,-0.752521027,-0.270729484,TRUE
0.478837283,0.291639037,-0.394296162,-0.06143139,-0.082990963,-0.527506502,0.146593675,-0.557232822,-0.752586814,-0.36408034,-0.414199725,-0.039792197,0.315709309,0.486115212,0.7244148,FALSE
0.276249048,-2.131932052,-1.711970109,-1.274772156,-0.573587879,-1.775273987,-1.543508691,-1.796873291,-2.044140564,-2.010285501,-2.279181238,-1.593677999,-1.614811872,-1.813769234,-1.635873167,TRUE
0.009365875,0.712694012,0.982003038,1.468227902,1.32086518,0.73042012,0.254668658,0.095651283,0.404497501,0.463521865,0.605028823,0.252383502,0.49541435,0.905463679,0.954341164,TRUE
0.229323945,1.585149696,1.345218076,1.016285352,0.036670972,0.135862109,0.087265515,0.358617616,0.313250943,-0.32491339,-0.157812256,-0.357004967,0.146951231,0.725123839,-0.074004464,FALSE
0.607791422,0.773920425,0.614985607,0.418866336,-0.058608596,-0.113840066,0.092024333,0.320768589,0.317698176,0.315306363,0.501556397,-0.238264799,0.0389809,-0.167411263,-0.413453271,TRUE
1.696729735,1.995080979,2.645211918,2.728789625,2.513327219,2.408474037,2.256982729,2.258774521,2.209656975,2.041694243,2.067449862,1.160746786,1.075414982,0.512611431,1.041223663,FALSE
0.017113305,1.016149713,0.511811799,-0.119132907,0.063118513,-0.25640417,-0.690153439,-0.266413177,-0.597216179,-0.15190082,0.152719406,0.091597726,0.530673668,0.104983573,0.358655389,TRUE
0.431488362,-0.371861224,-0.423995605,-0.128377603,0.350426928,-0.469449265,-0.865919142,-0.663663887,-0.752217321,-0.12672071,0.170325135,0.579857513,0.878339348,0.717260731,0.213775167,TRUE
1.047784326,1.095607613,1.007738817,0.892114891,0.006343101,0.06188482,0.36607234,0.904055548,1.356465023,1.512262845,1.423989432,0.765987635,0.503147184,-0.149451527,-0.306506005,TRUE
0.227454203,-2.371330438,-2.23435533,-1.702708664,-1.483049384,-0.992469717,-0.103876255,-0.246773259,-0.208797195,-0.234980308,-0.652020801,-0.744068678,-0.577807642,-0.521837117,-0.044053042,TRUE
0.526724152,0.642243142,0.364110166,0.165238952,-0.315360668,-0.570352566,-0.889154512,0.078118109,-0.295668411,-0.749332842,-0.377391019,-0.422088044,0.134203914,-0.115915703,-0.940120258,TRUE
0.41107703,-0.825683075,-0.234872963,0.22383751,0.354180832,-0.437506592,-0.843121093,-0.660005423,-0.236545081,-0.090415333,-0.464575074,-0.224502969,-0.138650646,-0.111471987,-0.044172476,TRUE
0.142330123,-0.832141902,-0.403721581,0.62212303,0.143423964,-0.036867446,-0.265090163,-0.086030207,0.168373265,0.796512244,0.021540317,0.213100654,0.334420358,-0.171101054,0.054971323,FALSE
0.057472406,0.383065505,0.851883829,0.595208065,-0.612759355,-0.879288534,-0.056852987,-0.058348499,0.021916924,0.037053471,0.087139933,0.394252806,0.89769909,1.367037552,1.284454733,FALSE
0.31095647,0.62508529,1.035013849,0.864043482,0.579152609,1.388024733,1.786726635,1.841290634,1.754781083,0.821308433,0.256798769,-0.615714907,-0.689026839,-0.339269454,-0.642223587,FALSE
0.224721725,1.096733016,1.236984024,0.980681507,1.292256106,0.579106024,0.311462716,-0.130057322,-0.577711995,-0.967861564,-0.282251633,-0.205416257,-0.50334096,-0.862931203,-0.122320961,FALSE
0.063161792,-0.182504001,0.439705963,-0.192132744,-0.056348402,-0.563357172,-0.654530488,-1.026559101,-1.236030448,-1.032294049,-1.005854697,-1.428274597,-1.956183479,-1.670652312,-0.664216689,TRUE
4.052075042,-0.255067903,0.002348127,-0.144534731,0.542577212,0.680830408,0.786700702,1.30414231,1.120929735,1.56223796,1.68314352,1.361339753,0.143209577,-0.330608477,0.06250536,TRUE
0.354613455,0.56781501,0.697445489,0.622644191,0.16588864,0.16705706,0.290349991,-0.263972279,0.280377803,-0.172259305,-0.088998644,-0.137194403,0.041695282,-0.365277398,-0.587416778,TRUE
0.093801993,0.256888698,0.477968303,0.315240781,1.348548027,0.991742266,0.661613362,0.349833739,-0.185615428,-0.240369866,-1.077189859,-1.378638761,-1.221357055,-0.791009438,-0.77255365,TRUE
0.220623908,0.202256745,-0.310290404,-0.512501743,-0.533414043,-0.379109034,-0.747024173,-0.82191568,-0.576674875,-0.645843713,-0.083298903,1.159223168,1.001676174,1.217486901,0.297193403,TRUE
1.064246121,0.094835561,0.369240176,0.224375429,0.251638684,0.425294203,0.370860535,0.376629275,0.28534273,0.692565058,0.202534969,0.550923973,0.396158968,1.237549027,1.894960016,TRUE
0.372835121,-1.352296041,-1.726205992,-1.322867903,-1.094813367,-1.072343106,-0.845582654,-1.271619715,-1.674096322,-2.090420401,-2.2676206,-1.736092329,-1.637288257,-0.931998782,-0.179234977,TRUE
0.195581099,-0.582169054,-0.569934755,-0.881999023,-1.072411125,-1.082768268,-0.252173813,-0.35079434,-0.585543437,-0.380386883,-0.508174901,-0.165847577,0.128066516,0.717160133,0.888103704,TRUE
1.209769112,0.700748636,1.107397182,0.428224727,0.161376295,0.300192539,0.947532795,1.352967309,0.460762211,-0.105956004,-0.043583132,0.166771771,-0.055887199,1.182515336,1.189517841,FALSE
0.553215057,-0.111351041,0.015707984,0.036627125,0.514347205,0.359210087,0.504463167,0.914468219,0.333851046,0.491191649,0.512508219,0.848981504,0.349313059,0.310692029,0.366206319,FALSE
0.109835853,-2.078557128,-2.449222469,-2.736949928,-2.819403511,-2.043577244,-2.488456146,-3.115611745,-2.688160799,-2.52303485,-2.078848616,-1.925368208,-1.764337025,-1.05031922,-0.768230895,TRUE
0.207806445,-0.104045082,0.671627292,0.754546965,1.165260099,1.981108064,1.466704092,2.061897823,1.017891366,1.175234838,1.43248719,1.087310805,1.575198763,1.22086573,1.708653908,FALSE
0.14534356,0.642908056,0.40637464,0.014790214,0.336603636,0.966321988,1.38244813,1.420530844,1.228626588,0.757354647,0.905137577,0.984881482,0.662932758,1.148505528,0.633070485,FALSE
0.969734851,0.289553019,0.052465681,0.457562201,-0.384014382,-0.30179374,0.132965228,-0.970144969,-0.839680591,-0.618879055,-0.448450375,-0.252898425,-0.987359226,-0.743777607,-0.837501166,TRUE
0.194565563,-0.176476322,-0.485501802,-0.283668825,-0.819244386,-1.320118944,-1.000182685,-1.059381249,-0.227963994,-1.251684033,-0.710011321,-0.299646517,-0.089962888,-0.176272525,0.862475492,TRUE
0.480402167,-1.752634606,-1.075378035,-0.538224081,0.075187431,0.226736476,0.327906133,-0.816621204,-0.704060052,-0.497585273,-1.176240865,-1.037377835,-0.711147015,-1.067788056,-0.578965696,TRUE
0.483749196,-0.07922125,-0.476257951,-0.067387722,-0.031218929,0.218571099,0.039773889,0.230926276,-0.143266108,0.294003991,0.412917241,0.306937159,-0.027919652,-0.869396389,-0.49009093,FALSE
